{"cameraMode":{"drawMode":0,"name":"Shaded","section":"Shading Mode"},"sceneLighting":false,"audioPlay":false,"sceneViewState":{"showFog":true,"showMaterialUpdate":true,"showSkybox":true,"showFlares":true,"showImageEffects":true,"showParticleSystems":true},"in2DMode":false,"pivot":{"x":0.42256808280944826,"y":0.6326103210449219,"z":1.6084637641906739},"rotation":{"x":-0.38859665393829348,"y":0.2196958214044571,"z":-0.09596039354801178,"w":-0.8896729946136475},"size":7.883877754211426,"orthographic":false}