{"cameraMode":{"drawMode":0,"name":"Shaded","section":"Shading Mode"},"sceneLighting":false,"audioPlay":false,"sceneViewState":{"showFog":true,"showMaterialUpdate":true,"showSkybox":true,"showFlares":true,"showImageEffects":true,"showParticleSystems":true},"in2DMode":false,"pivot":{"x":0.3280251622200012,"y":0.6907070279121399,"z":0.05355525016784668},"rotation":{"x":-0.37431442737579348,"y":0.3695996403694153,"z":-0.16585712134838105,"w":-0.8341320753097534},"size":13.106382369995118,"orthographic":false}