{"cameraMode":{"drawMode":0,"name":"Shaded","section":"Shading Mode"},"sceneLighting":false,"audioPlay":false,"sceneViewState":{"showFog":true,"showMaterialUpdate":true,"showSkybox":true,"showFlares":true,"showImageEffects":true,"showParticleSystems":true},"in2DMode":false,"pivot":{"x":0.06500005722045899,"y":0.5260000228881836,"z":0.17600005865097047},"rotation":{"x":-0.38859665393829348,"y":0.2196958214044571,"z":-0.09596039354801178,"w":-0.8896729946136475},"size":5.6308979988098148,"orthographic":false}