{"cameraMode":{"drawMode":0,"name":"Shaded","section":"Shading Mode"},"sceneLighting":false,"audioPlay":false,"sceneViewState":{"showFog":true,"showMaterialUpdate":true,"showSkybox":true,"showFlares":true,"showImageEffects":true,"showParticleSystems":true},"in2DMode":false,"pivot":{"x":0.2953166961669922,"y":9.008877754211426,"z":0.9418773651123047},"rotation":{"x":-0.08781391382217407,"y":-0.5638054609298706,"z":0.06045131757855415,"w":-0.8189980983734131},"size":202.31495666503907,"orthographic":false}