{"cameraMode":{"drawMode":0,"name":"Shaded","section":"Shading Mode"},"sceneLighting":false,"audioPlay":false,"sceneViewState":{"showFog":true,"showMaterialUpdate":true,"showSkybox":true,"showFlares":true,"showImageEffects":true,"showParticleSystems":true},"in2DMode":false,"pivot":{"x":-1.3021914958953858,"y":0.6015979051589966,"z":-1.922345757484436},"rotation":{"x":-0.0017762851202860475,"y":-0.20004557073116303,"z":0.00036213797284290195,"w":-0.9797849059104919},"size":2.9837522506713869,"orthographic":false}