{"cameraMode":{"drawMode":0,"name":"Shaded","section":"Shading Mode"},"sceneLighting":false,"audioPlay":false,"sceneViewState":{"showFog":true,"showMaterialUpdate":true,"showSkybox":true,"showFlares":true,"showImageEffects":true,"showParticleSystems":true},"in2DMode":false,"pivot":{"x":4.7818498611450199,"y":0.5136951208114624,"z":0.35785943269729617},"rotation":{"x":-0.42772403359413149,"y":0.3705406188964844,"z":-0.19802868366241456,"w":-0.8003352284431458},"size":2.3699164390563967,"orthographic":false}