{"cameraMode":{"drawMode":0,"name":"Shaded","section":"Shading Mode"},"sceneLighting":false,"audioPlay":false,"sceneViewState":{"showFog":true,"showMaterialUpdate":false,"showSkybox":true,"showFlares":true,"showImageEffects":true,"showParticleSystems":true},"in2DMode":false,"pivot":{"x":0.0,"y":0.010000228881835938,"z":0.07000000029802323},"rotation":{"x":-0.021805290132761,"y":0.9663771986961365,"z":-0.08751143515110016,"w":-0.2407943606376648},"size":100.89452362060547,"orthographic":false}