{"cameraMode":{"drawMode":0,"name":"Shaded","section":"Shading Mode"},"sceneLighting":false,"audioPlay":false,"sceneViewState":{"showFog":true,"showMaterialUpdate":false,"showSkybox":true,"showFlares":true,"showImageEffects":true,"showParticleSystems":true},"in2DMode":false,"pivot":{"x":4.84089994430542,"y":1.0979000329971314,"z":-1.2010999917984009},"rotation":{"x":-0.33222252130508425,"y":0.21546106040477754,"z":-0.07823840528726578,"w":-0.9149266481399536},"size":22.0,"orthographic":false}