{"cameraMode":{"drawMode":0,"name":"Shaded","section":"Shading Mode"},"sceneLighting":false,"audioPlay":false,"sceneViewState":{"showFog":true,"showMaterialUpdate":false,"showSkybox":true,"showFlares":true,"showImageEffects":true,"showParticleSystems":true},"in2DMode":false,"pivot":{"x":-1.350000023841858,"y":1.0,"z":3.490000009536743},"rotation":{"x":-0.22169557213783265,"y":-0.12046250700950623,"z":0.027610240504145623,"w":-0.9672526121139526},"size":4.286825180053711,"orthographic":false}