{"cameraMode":{"drawMode":0,"name":"Shaded","section":"Shading Mode"},"sceneLighting":true,"audioPlay":false,"sceneViewState":{"showFog":true,"showMaterialUpdate":false,"showSkybox":true,"showFlares":true,"showImageEffects":true,"showParticleSystems":true},"in2DMode":false,"pivot":{"x":4.569004058837891,"y":0.7512780427932739,"z":0.5641999840736389},"rotation":{"x":-0.09680039435625076,"y":-0.08539316058158875,"z":0.00833568163216114,"w":-0.9915988445281982},"size":4.952691555023193,"orthographic":false}