{"cameraMode":{"drawMode":0,"name":"Shaded","section":"Shading Mode"},"sceneLighting":false,"audioPlay":false,"sceneViewState":{"showFog":true,"showMaterialUpdate":false,"showSkybox":true,"showFlares":true,"showImageEffects":true,"showParticleSystems":true},"in2DMode":false,"pivot":{"x":0.4252324104309082,"y":0.6778261661529541,"z":-0.009966611862182618},"rotation":{"x":-0.07343671470880509,"y":0.9241220355033875,"z":-0.2279212474822998,"w":-0.2977541387081146},"size":4.846109390258789,"orthographic":false}