{"cameraMode":{"drawMode":0,"name":"Shaded","section":"Shading Mode"},"sceneLighting":false,"audioPlay":false,"sceneViewState":{"showFog":true,"showMaterialUpdate":false,"showSkybox":true,"showFlares":true,"showImageEffects":true,"showParticleSystems":true},"in2DMode":false,"pivot":{"x":-9.650839805603028,"y":0.5999979972839356,"z":4.647858142852783},"rotation":{"x":-0.11418458074331284,"y":0.8844709396362305,"z":-0.2929176390171051,"w":-0.34478381276130679},"size":9.145233154296875,"orthographic":false}