{"cameraMode":{"drawMode":0,"name":"Shaded","section":"Shading Mode"},"sceneLighting":false,"audioPlay":false,"sceneViewState":{"showFog":true,"showMaterialUpdate":false,"showSkybox":true,"showFlares":true,"showImageEffects":true,"showParticleSystems":true},"in2DMode":false,"pivot":{"x":4.84089994430542,"y":1.0979000329971314,"z":-1.2010999917984009},"rotation":{"x":0.012492694891989231,"y":0.9626342058181763,"z":-0.2667379677295685,"w":0.04508453607559204},"size":22.0,"orthographic":false}