{"cameraMode":{"drawMode":0,"name":"Shaded","section":"Shading Mode"},"sceneLighting":false,"audioPlay":false,"sceneViewState":{"showFog":true,"showMaterialUpdate":false,"showSkybox":true,"showFlares":true,"showImageEffects":true,"showParticleSystems":true},"in2DMode":false,"pivot":{"x":0.30000007152557375,"y":0.5999975204467773,"z":0.30000007152557375},"rotation":{"x":-0.021248960867524148,"y":0.7436671853065491,"z":-0.02366468869149685,"w":-0.6678012609481812},"size":9.145233154296875,"orthographic":false}