{"cameraMode":{"drawMode":0,"name":"Shaded","section":"Shading Mode"},"sceneLighting":false,"audioPlay":false,"sceneViewState":{"showFog":true,"showMaterialUpdate":false,"showSkybox":true,"showFlares":true,"showImageEffects":true,"showParticleSystems":true},"in2DMode":false,"pivot":{"x":0.7424411773681641,"y":0.7901993989944458,"z":-1.4614152908325196},"rotation":{"x":-0.009176894091069699,"y":-0.5274419188499451,"z":0.005713674705475569,"w":-0.8495877981185913},"size":67.77197265625,"orthographic":false}