{"cameraMode":{"drawMode":0,"name":"Shaded","section":"Shading Mode"},"sceneLighting":false,"audioPlay":false,"sceneViewState":{"showFog":true,"showMaterialUpdate":false,"showSkybox":true,"showFlares":true,"showImageEffects":true,"showParticleSystems":true},"in2DMode":false,"pivot":{"x":9.355849266052246,"y":1.5122547149658204,"z":-8.154150009155274},"rotation":{"x":-0.1613311916589737,"y":0.36157944798469546,"z":-0.06366311758756638,"w":-0.9161266088485718},"size":17.339927673339845,"orthographic":false}