{"cameraMode":{"drawMode":0,"name":"Shaded","section":"Shading Mode"},"sceneLighting":false,"audioPlay":false,"sceneViewState":{"showFog":true,"showMaterialUpdate":false,"showSkybox":true,"showFlares":true,"showImageEffects":true,"showParticleSystems":true},"in2DMode":false,"pivot":{"x":0.0,"y":0.6349999904632568,"z":0.06999999284744263},"rotation":{"x":-0.06130193918943405,"y":0.4250548779964447,"z":-0.028868813067674638,"w":-0.9026422500610352},"size":4.360029697418213,"orthographic":false}