{"cameraMode":{"drawMode":0,"name":"Shaded","section":"Shading Mode"},"sceneLighting":false,"audioPlay":false,"sceneViewState":{"showFog":true,"showMaterialUpdate":false,"showSkybox":true,"showFlares":true,"showImageEffects":true,"showParticleSystems":true},"in2DMode":false,"pivot":{"x":-2.453000068664551,"y":1.5410000085830689,"z":0.5090000033378601},"rotation":{"x":0.012492694891989231,"y":0.9626342058181763,"z":-0.2667379677295685,"w":0.04508453607559204},"size":22.0,"orthographic":false}