{"cameraMode":{"drawMode":0,"name":"Shaded","section":"Shading Mode"},"sceneLighting":false,"audioPlay":false,"sceneViewState":{"showFog":true,"showMaterialUpdate":false,"showSkybox":true,"showFlares":true,"showImageEffects":true,"showParticleSystems":true},"in2DMode":false,"pivot":{"x":6.322966575622559,"y":-0.6127465963363648,"z":0.10894298553466797},"rotation":{"x":-0.13935118913650514,"y":-0.28016921877861025,"z":0.04115615785121918,"w":-0.9489476680755615},"size":13.501254081726075,"orthographic":false}