{"cameraMode":{"drawMode":0,"name":"Shaded","section":"Shading Mode"},"sceneLighting":false,"audioPlay":false,"sceneViewState":{"showFog":true,"showMaterialUpdate":false,"showSkybox":true,"showFlares":true,"showImageEffects":true,"showParticleSystems":true},"in2DMode":false,"pivot":{"x":-0.09399998188018799,"y":0.6666499972343445,"z":0.7434362173080444},"rotation":{"x":-0.10109476745128632,"y":0.8307300209999085,"z":-0.1604636162519455,"w":-0.5233747363090515},"size":2.5116188526153566,"orthographic":false}