{"cameraMode":{"drawMode":0,"name":"Shaded","section":"Shading Mode"},"sceneLighting":false,"audioPlay":false,"sceneViewState":{"showFog":true,"showMaterialUpdate":false,"showSkybox":true,"showFlares":true,"showImageEffects":true,"showParticleSystems":true},"in2DMode":false,"pivot":{"x":0.7389342784881592,"y":0.22183382511138917,"z":2.054159641265869},"rotation":{"x":-0.278344064950943,"y":0.2981300354003906,"z":-0.09134437143802643,"w":-0.908460259437561},"size":30.168603897094728,"orthographic":false}