{"cameraMode":{"drawMode":0,"name":"Shaded","section":"Shading Mode"},"sceneLighting":false,"audioPlay":false,"sceneViewState":{"showFog":true,"showMaterialUpdate":false,"showSkybox":true,"showFlares":true,"showImageEffects":true,"showParticleSystems":true},"in2DMode":false,"pivot":{"x":0.30000007152557375,"y":0.5999975204467773,"z":0.30000007152557375},"rotation":{"x":-0.09525961428880692,"y":0.9015109539031982,"z":-0.25563517212867739,"w":-0.33593788743019106},"size":9.145233154296875,"orthographic":false}