{"cameraMode":{"drawMode":0,"name":"Shaded","section":"Shading Mode"},"sceneLighting":false,"audioPlay":false,"sceneViewState":{"showFog":true,"showMaterialUpdate":false,"showSkybox":true,"showFlares":true,"showImageEffects":true,"showParticleSystems":true},"in2DMode":false,"pivot":{"x":-3.895578384399414,"y":-2.2168540954589845,"z":10.576131820678711},"rotation":{"x":-0.22727791965007783,"y":0.7012425065040588,"z":-0.2546311020851135,"w":-0.6259132623672485},"size":18.994482040405275,"orthographic":false}