{"cameraMode":{"drawMode":0,"name":"Shaded","section":"Shading Mode"},"sceneLighting":false,"audioPlay":false,"sceneViewState":{"showFog":true,"showMaterialUpdate":false,"showSkybox":true,"showFlares":true,"showImageEffects":true,"showParticleSystems":true},"in2DMode":false,"pivot":{"x":-4.976722240447998,"y":3.7690563201904299,"z":-0.019469261169433595},"rotation":{"x":-0.22727791965007783,"y":0.7012425065040588,"z":-0.2546311020851135,"w":-0.6259132623672485},"size":32.58030319213867,"orthographic":false}