{"cameraMode":{"drawMode":0,"name":"Shaded","section":"Shading Mode"},"sceneLighting":false,"audioPlay":false,"sceneViewState":{"showFog":true,"showMaterialUpdate":false,"showSkybox":true,"showFlares":true,"showImageEffects":true,"showParticleSystems":true},"in2DMode":false,"pivot":{"x":3.9757843017578127,"y":-3.6891021728515627,"z":14.803349494934082},"rotation":{"x":-0.29295143485069277,"y":0.5844447612762451,"z":-0.2384030967950821,"w":-0.7181704044342041},"size":63.80748748779297,"orthographic":false}