{"cameraMode":{"drawMode":0,"name":"Shaded","section":"Shading Mode"},"sceneLighting":false,"audioPlay":false,"sceneViewState":{"showFog":true,"showMaterialUpdate":false,"showSkybox":true,"showFlares":true,"showImageEffects":true,"showParticleSystems":true},"in2DMode":false,"pivot":{"x":-1.1698272228240967,"y":0.47087693214416506,"z":-0.7231431007385254},"rotation":{"x":-0.22521109879016877,"y":0.4177877902984619,"z":-0.10770723223686218,"w":-0.8735756874084473},"size":4.037351608276367,"orthographic":false}