{"cameraMode":{"drawMode":0,"name":"Shaded","section":"Shading Mode"},"sceneLighting":false,"audioPlay":false,"sceneViewState":{"showFog":true,"showMaterialUpdate":false,"showSkybox":true,"showFlares":true,"showImageEffects":true,"showParticleSystems":true},"in2DMode":false,"pivot":{"x":10.452153205871582,"y":0.2222253978252411,"z":5.214109897613525},"rotation":{"x":-0.21735510230064393,"y":0.6753956079483032,"z":-0.2191878706216812,"w":-0.6697466969490051},"size":3.7734575271606447,"orthographic":false}