{"cameraMode":{"drawMode":0,"name":"Shaded","section":"Shading Mode"},"sceneLighting":false,"audioPlay":false,"sceneViewState":{"showFog":true,"showMaterialUpdate":false,"showSkybox":true,"showFlares":true,"showImageEffects":true,"showParticleSystems":true},"in2DMode":false,"pivot":{"x":6.605904579162598,"y":0.950329065322876,"z":6.28859806060791},"rotation":{"x":-0.21735510230064393,"y":0.6753956079483032,"z":-0.2191878706216812,"w":-0.6697466969490051},"size":7.301444053649902,"orthographic":false}