{"cameraMode":{"drawMode":0,"name":"Shaded","section":"Shading Mode"},"sceneLighting":false,"audioPlay":false,"sceneViewState":{"showFog":true,"showMaterialUpdate":false,"showSkybox":true,"showFlares":true,"showImageEffects":true,"showParticleSystems":true},"in2DMode":false,"pivot":{"x":8.098852157592774,"y":0.19467195868492127,"z":4.471627235412598},"rotation":{"x":-0.21735510230064393,"y":0.6753956079483032,"z":-0.2191878706216812,"w":-0.6697466969490051},"size":1.049316167831421,"orthographic":false}