{"cameraMode":{"drawMode":0,"name":"Shaded","section":"Shading Mode"},"sceneLighting":false,"audioPlay":false,"sceneViewState":{"showFog":true,"showMaterialUpdate":false,"showSkybox":true,"showFlares":true,"showImageEffects":true,"showParticleSystems":true},"in2DMode":false,"pivot":{"x":3.655491828918457,"y":0.21762284636497498,"z":6.854726791381836},"rotation":{"x":-0.21735510230064393,"y":0.6753956079483032,"z":-0.2191878706216812,"w":-0.6697466969490051},"size":4.148651599884033,"orthographic":false}