{"cameraMode":{"drawMode":0,"name":"Shaded","section":"Shading Mode"},"sceneLighting":false,"audioPlay":false,"sceneViewState":{"showFog":true,"showMaterialUpdate":false,"showSkybox":true,"showFlares":true,"showImageEffects":true,"showParticleSystems":true},"in2DMode":false,"pivot":{"x":10.212120056152344,"y":0.5789707899093628,"z":3.5988223552703859},"rotation":{"x":-0.21735510230064393,"y":0.6753956079483032,"z":-0.2191878706216812,"w":-0.6697466969490051},"size":2.998457670211792,"orthographic":false}