{"cameraMode":{"drawMode":0,"name":"Shaded","section":"Shading Mode"},"sceneLighting":false,"audioPlay":false,"sceneViewState":{"showFog":true,"showMaterialUpdate":false,"showSkybox":true,"showFlares":true,"showImageEffects":true,"showParticleSystems":true},"in2DMode":false,"pivot":{"x":-9.679553985595704,"y":9.013690948486329,"z":8.01581859588623},"rotation":{"x":-0.1238873079419136,"y":0.8090210556983948,"z":-0.18415182828903199,"w":-0.5442651510238648},"size":2.4055581092834474,"orthographic":false}