{"cameraMode":{"drawMode":0,"name":"Shaded","section":"Shading Mode"},"sceneLighting":false,"audioPlay":false,"sceneViewState":{"showFog":true,"showMaterialUpdate":false,"showSkybox":true,"showFlares":true,"showImageEffects":true,"showParticleSystems":true},"in2DMode":false,"pivot":{"x":0.0013172179460525513,"y":0.04397529363632202,"z":0.005898326635360718},"rotation":{"x":0.0005189625662751496,"y":-0.9875273704528809,"z":0.0032686858903616668,"w":0.1574489176273346},"size":1.1169060468673707,"orthographic":false}