{"cameraMode":{"drawMode":0,"name":"Shaded","section":"Shading Mode"},"sceneLighting":false,"audioPlay":false,"sceneViewState":{"showFog":true,"showMaterialUpdate":false,"showSkybox":true,"showFlares":true,"showImageEffects":true,"showParticleSystems":true},"in2DMode":false,"pivot":{"x":-11.026439666748047,"y":5.415655136108398,"z":11.940485954284668},"rotation":{"x":-0.11187735944986344,"y":0.871536374092102,"z":-0.23447145521640778,"w":-0.41585153341293337},"size":25.973974227905275,"orthographic":false}