{"cameraMode":{"drawMode":0,"name":"Shaded","section":"Shading Mode"},"sceneLighting":false,"audioPlay":false,"sceneViewState":{"showFog":true,"showMaterialUpdate":false,"showSkybox":true,"showFlares":true,"showImageEffects":true,"showParticleSystems":true},"in2DMode":false,"pivot":{"x":-2.1605606079101564,"y":4.230893611907959,"z":15.842698097229004},"rotation":{"x":-0.05243990197777748,"y":0.45085445046424868,"z":-0.026545081287622453,"w":-0.8906605839729309},"size":12.967907905578614,"orthographic":false}