{"cameraMode":{"drawMode":0,"name":"Shaded","section":"Shading Mode"},"sceneLighting":false,"audioPlay":false,"sceneViewState":{"showFog":true,"showMaterialUpdate":false,"showSkybox":true,"showFlares":true,"showImageEffects":true,"showParticleSystems":true},"in2DMode":false,"pivot":{"x":5.909054279327393,"y":0.8582851886749268,"z":0.2874724864959717},"rotation":{"x":-0.09653335064649582,"y":0.8837534189224243,"z":-0.20954588055610658,"w":-0.40712660551071169},"size":17.843828201293947,"orthographic":false}